{
    "TERRA2_address_terra1rc6ssp5rym7a0hg29xpj4cc9e67tl56kg5jyzgl9qrhfxxc2ugvsnrkala": {
        "max_price": 0.00000002
    },
    "TERRA2_address_terra1lalvk0r6nhruel7fvzdppk3tup3mh5j4d4eadrqzfhle4zrf52as58hh9t": {
        "max_price": 0.00000001
    },
    "CANTO_EVM_address_0x80b5a32e4f032b2a058b4f29ec95eefeeb87adcd": {
        "max_price": 1.1
    },
    "EVMOS_EVM_address_0x15c3eb3b621d1bff62cba1c9536b7c1ae9149b57": {
        "max_price": 1.1
    },
    "CRESCENT_native_token_IBC/C950356239AD2A205DE09FDF066B1F9FF19A7CA7145EA48A5B19B76EE47E52F7": {
        "max_price": 0.5
    }
}