{
    "TERRA2_address_terra1rc6ssp5rym7a0hg29xpj4cc9e67tl56kg5jyzgl9qrhfxxc2ugvsnrkala": {
        "max_price": 0.00000002
    },
    "TERRA2_address_terra1lalvk0r6nhruel7fvzdppk3tup3mh5j4d4eadrqzfhle4zrf52as58hh9t": {
        "max_price": 0.00000001
    },
    "TERRA2_address_terra18ha3r45syfpp46qg85p9wqxy6p0nj82rlxt7c74qkdr0yzcjut9sw7gerz": {
        "max_price": 0.00001
    },
    "CANTO_EVM_address_0x80b5a32e4f032b2a058b4f29ec95eefeeb87adcd": {
        "max_price": 1.1
    },
    "EVMOS_EVM_address_0x15c3eb3b621d1bff62cba1c9536b7c1ae9149b57": {
        "max_price": 1.1
    },
    "EVMOS_EVM_address_0x80b5a32e4f032b2a058b4f29ec95eefeeb87adcd": {
        "max_price": 0.1
    },
    "EVMOS_EVM_address_0x3f75ceabcdfed1aca03257dc6bdc0408e2b4b026": {
        "max_price": 0.01
    },
    "EVMOS_EVM_address_0x51e44ffad5c2b122c8b635671fcc8139dc636e82": {
        "max_price": 1.1
    },
    "BASE_address_0xd9aaec86b65d86f6a7b5b1b0c42ffa531710b6ca": {
        "max_price": 1.1
    },
    "CRESCENT_address_0x80b5a32e4f032b2a058b4f29ec95eefeeb87adcd": {
        "max_price": 0.5
    },
    "SOLANA_address_7dhbwxmci3dt8ufywyzweblxgycu7y3il6trkn1y7arj": {
        "max_price": 100   
    },
    "SOLANA_address_So11111111111111111111111111111111111111112": {
        "max_price": 35   
    },
    "NEAR_address_sol.token.a11bd.near": {
        "max_price": 35   
    },
    "NEAR_address_f5cfbc74057c610c8ef151a439252680ac68c6dc.factory.bridge.near": {
        "max_price": 20
    },
    "EVMOS_EVM_address_0xbbd37bf85f7474b5bde689695674fab1888565ad": {
        "max_price": 0.5
    },
    "ETHEREUM_native_token_eth": {
        "min_price": 10
    }
    ,
    "ETHEREUM_address_0x94b008aa00579c1307b0ef2c499ad98a8ce58e58": {
        "min_price": 0.7
    }
}
