{
    "TERRA2_address_terra1rc6ssp5rym7a0hg29xpj4cc9e67tl56kg5jyzgl9qrhfxxc2ugvsnrkala": {
        "max_price": 0.00000002
    },
    "TERRA2_address_terra1lalvk0r6nhruel7fvzdppk3tup3mh5j4d4eadrqzfhle4zrf52as58hh9t": {
        "max_price": 0.00000001
    },
    "CANTO_EVM_address_0x80b5a32e4f032b2a058b4f29ec95eefeeb87adcd": {
        "max_price": 1.1
    },
    "EVMOS_EVM_address_0x15c3eb3b621d1bff62cba1c9536b7c1ae9149b57": {
        "max_price": 1.1
    },
    "EVMOS_EVM_address_0x80b5a32e4f032b2a058b4f29ec95eefeeb87adcd": {
        "max_price": 0.1
    },
    "EVMOS_EVM_address_0x3f75ceabcdfed1aca03257dc6bdc0408e2b4b026": {
        "max_price": 0.01
    },
    "EVMOS_EVM_address_0x51e44ffad5c2b122c8b635671fcc8139dc636e82": {
        "max_price": 1.1
    },
    "CRESCENT_address_0x80b5a32e4f032b2a058b4f29ec95eefeeb87adcd": {
        "max_price": 0.5
    },
    "SOLANA_address_7dhbwxmci3dt8ufywyzweblxgycu7y3il6trkn1y7arj": {
        "max_price": 100   
    }
}
